{"charErrorRates": [0.09499479470462717, 0.09834685725677242, 0.09419738775389659, 0.0968480275253066, 0.09670774296915954, 0.09358456574546475, 0.09621305532379891, 0.09389466844852665, 0.09760113408988548, 0.10151433486661893, 0.09723934760297993, 0.100325607838215, 0.09509816227231448, 0.09235153833090912, 0.09736486536374309, 0.09436720590081144, 0.09451487385465043, 0.09786693640679568, 0.09546733215691197, 0.09520152984000177, 0.09635333987994596, 0.09520152984000177, 0.09685541092299854, 0.09782263602064398], "wordAccuracies": [0.2702046479361776, 0.2537287547693375, 0.26344086021505375, 0.25858480749219565, 0.2625737079431148, 0.27454040929587237, 0.2702046479361776, 0.26933749566423865, 0.2570239334027055, 0.2407214706902532, 0.25667707249392996, 0.24540409295872356, 0.26534859521331944, 0.27419354838709675, 0.25858480749219565, 0.26760319112036074, 0.2643080124869927, 0.2540756156781131, 0.26933749566423865, 0.2660423170308706, 0.2587582379465834, 0.2643080124869927, 0.25789108567464447, 0.2606659729448491]}